"","member_casual","cantidad_de_viajes","tiempo_promedio","desviacion_estándar","tiempo_min","Q1","mediana","Q3","tiempo_max","IQR"
"1","casual",2053285,20.6364532200839,49.9454764335639,-16656.5166666667,6.61666666666667,11.8166666666667,22.0166666666667,12136.3,15.4
"2","member",3659553,12.0612271726447,25.536840154965,-16635.2166666667,4.93333333333333,8.51666666666667,14.6,1499.93333333333,9.66666666666667
