"","cantidad_de_viajes","tiempo_promedio","desviacion_estándar","tiempo_min","Q1","mediana","Q3","tiempo_max","IQR"
"1",5712838,15.1433000433993,36.4863733025774,-16656.5166666667,5.41666666666667,9.51666666666667,16.8833333333333,12136.3,11.4666666666667
